id,name,club
2000512493,Sun Huizer,Feyenoord
2000372931,Stenn de Mol,Feyenoord
2000479973,Duron van Bennekom,Feyenoord
2000353434,Beer Vijfhuizen,Feyenoord
2000472021,Haakon Norda,Feyenoord
2000076241,Plamen Andreev,Feyenoord
28118051,Steven Benda,Feyenoord
2000177059,Tim Haksteeg,Feyenoord
2000229269,Ismail Ka,Feyenoord
2000143280,Mannou Berger,Feyenoord
18079805,Liam Bossin,Feyenoord
2000274478,Oier Zon,Feyenoord
92067270,Timon Wellenreuther,Feyenoord
2000353433,Jurvain Valentijn,Feyenoord
2000192010,Jeyland Mitchell,Feyenoord
2000314472,Tijme Wessels,Feyenoord
2000218383,Björn Otte,Feyenoord
2000229266,Marouane Sebbar,Feyenoord
2000169050,Sam Ringeling,Feyenoord
2000143281,Djomar Giersthove,Feyenoord
16023929,Gernot Trauner,Feyenoord
2000314473,Twan Schens,Feyenoord
2000451956,Boaz Plantinga,Feyenoord
45111131,Tsuyoshi Watanabe,Feyenoord
93064994,Anel Ahmedhodžić,Feyenoord
2000353428,Sam Roovers,Feyenoord
2000512244,Dani Slory,Feyenoord
37049949,Jerry St. Juste,Feyenoord
2000458968,Mika Pieterse,Feyenoord
2000314471,Jessy Basfielt,Feyenoord
2000202178,Malcolm Jeng,Feyenoord
2000479966,Finn Baks,Feyenoord
2000257575,Lucas Gardenier,Feyenoord
37049835,Bart Nieuwkoop,Feyenoord
2000228589,Marley Cruz,Feyenoord
2000512489,Lisandro Silva Dias,Feyenoord
2000458966,Joshua Wilbrenninck-van Cuilenborg,Feyenoord
37056062,Mats Deijl,Feyenoord
2000257207,Thijs Kraaijeveld,Feyenoord
2000396195,Kwame Tabiri,Feyenoord
37076406,Thomas Beelen,Feyenoord
2000479968,Ibrahim Faik,Feyenoord
2000433488,Keyane el Ouansaidi,Feyenoord
2000353441,Rayan Boulahrouz,Feyenoord
2000257574,Troy Moses,Feyenoord
2000512490,Nicolas Sala,Feyenoord
2000353437,Matthew Mparaganda,Feyenoord
2000479967,Nuuradiin Mahamuud Abdi,Feyenoord
2000353440,Hakeem Agboluaje,Feyenoord
2000257209,Givairo Read,Feyenoord
2000015266,Jordan Bos,Feyenoord
2000122311,Jan Plug,Feyenoord
98034811,Jordan Lotomba,Feyenoord
37060899,Gijs Smal,Feyenoord
37077859,Neraysho Kasanwirjo,Feyenoord
2000512372,Seung-gyun Bae,Feyenoord
2000353430,Nicky Rueck,Feyenoord
2000229264,Zino Sneijer,Feyenoord
66034886,Hwang In-Beom,Feyenoord
2000054498,Gjivai Zechiël,Feyenoord
37055855,Ramiz Zerrouki,Feyenoord
2000479969,Mik Akkermans,Feyenoord
2000045698,Oussama Targhalline,Feyenoord
2000479971,Gian-Luca Aserie,Feyenoord
2000272445,Chris-Kévin Nadje,Feyenoord
2000275045,Nassim El Harmouz,Feyenoord
96086697,Jakub Moder,Feyenoord
2000479965,Tim de Koning,Feyenoord
2000289952,Aleks Zeković,Feyenoord
2000269522,Nick de Koning,Feyenoord
37066573,Sem Steijn,Feyenoord
2000447607,Luca Dahl Tomasson,Feyenoord
37059574,Calvin Stengs,Feyenoord
2000353424,Kevin Khan,Feyenoord
2000257573,Diego Rambocus,Feyenoord
2000314474,Tobias van den Elshout,Feyenoord
2000447609,Jimmi Laarman,Feyenoord
2000398781,Senne Vugts,Feyenoord
2000353425,Arman Nahany,Feyenoord
2000275895,Paulo Rudisill,Feyenoord
37076262,Luciano Valente,Feyenoord
37082902,Shiloh 't Zand,Feyenoord
2000399593,Sem Verdonk,Feyenoord
28054109,Raheem Sterling,Feyenoord
24051702,Luka Ivanušec,Feyenoord
83228804,Gonçalo Borges,Feyenoord
2000273276,Emeka Peters,Feyenoord
2000193585,Aymen Sliti,Feyenoord
73201859,Anis Hadj Moussa,Feyenoord
2000192797,Leo Sauer,Feyenoord
2000229262,Furkan Ulutaş,Feyenoord
2000242800,Matteo Malasomma,Feyenoord
2000512492,Dimayro Ramos,Feyenoord
2000353423,Jerayson Hoepel,Feyenoord
2000143581,Sander Sybrandy,Feyenoord
2000352336,Gaoussou Diarra,Feyenoord
2000054508,Jaden Slory,Feyenoord
2000474873,Jivayno Zinhagel,Feyenoord
2000353439,Ayoub Ouarghi,Feyenoord
2000512491,Vinicius Progetti,Feyenoord
2000500000,Jerayno Schaken,Feyenoord
2000512252,Matthew Amoah Jr.,Feyenoord
2000334504,Theodoros Delianidis,Feyenoord
2000447610,Jeremiah Nirk,Feyenoord
2000022624,Yoram Boerhout,Feyenoord
2000090907,Fabiano Rust,Feyenoord
2000177913,Shaqueel van Persie,Feyenoord
2000181394,Pieter van Maarschalkerwaard,Feyenoord
2000282947,Stephano Carrillo,Feyenoord
2000517024,Jay-Sean Tuur,Feyenoord
27129143,Casper Tengstedt,Feyenoord
45111868,Ayase Ueda,Feyenoord
2000353422,Ilias Azaouagh,Feyenoord
2000353427,Izu Onunta,Feyenoord
2000376107,Kelvin Neijenhuis,Feyenoord
2000479972,Noah Bout,Feyenoord
